underlying,horizon_days,leverage,mc_prob,coc_cfd,coc_shr,mean_cfd,mean_cfd_lo,mean_cfd_hi,mean_shr,mean_shr_lo,mean_shr_hi,std_cfd,std_shr,skew_cfd,skew_shr,excess_kurt_cfd,excess_kurt_shr,var95_cfd,var95_shr,cvar95_cfd,cvar95_shr,min_cfd,min_shr,max_cfd,max_shr,p_loss_cfd,p_loss_shr,ks_stat,ks_p,sharpe_cfd,sharpe_shr,sortino_cfd,sortino_shr
EURUSD,1,1,0.0,4.992071437453551,0.39682539682539686,-4.8319244096771525,-5.83721716384205,-3.8538491523200533,-0.23664633323632916,-1.2100098556797818,0.7611369742295879,51.09539237803364,51.10814913430562,0.005162707389460093,0.005162707389459074,0.8387925694334952,0.838792569433501,88.31834750529296,83.74391310774195,110.92247577995144,106.35368485320465,-331.6913462349726,-327.1776736768648,414.4207223826371,419.1206733773702,0.5321,0.4994,0.0412,8.461038353152023e-08,-1.5012003721139022,-0.07350381773051298,-2.3903649122085873,-0.11979920364246381
EURUSD,1,5,0.0,24.96019800645864,0.39682539682539686,-27.367906162304706,-32.404398203332185,-22.354911993405764,-0.8784633555864093,-1.8728648727795838,0.13111204787424474,258.35710697979835,51.68432196679978,-0.04515002274680488,-0.04515002274680441,0.7372944720652628,0.7372944720652654,445.48841681482844,84.52344353868462,561.9592336207838,107.82342264862953,-1907.2294162537823,-376.9446326836066,1475.0105337241894,299.67224303215545,0.5444,0.5091,0.3642,0.0,-1.6815950865018519,-0.2698143831227495,-2.658705026385281,-0.43649792354686123
EURUSD,1,10,0.0,49.92054233151781,0.39682539682539686,-51.78676561314177,-61.151253433968655,-41.82826404010738,-0.583485056919862,-1.5488360134943793,0.4036883905069293,505.91765347679467,50.60439636566119,-0.040616748221448236,-0.04061674822144906,0.2451008741070715,0.24510087410707504,879.6576315171327,83.39124072601587,1100.7802106975562,105.50901931180823,-3291.62101248286,-324.64779722498486,2036.8103697030574,208.3283735378174,0.542,0.5044,0.4427,0.0,-1.6249470886239679,-0.18303820994255052,-2.586815503285255,-0.29916533114375443
EURUSD,1,30,0.0014,149.76256333887028,0.39682539682539686,-136.39779269948346,-167.0617802862127,-105.62019277868458,0.04573832401162972,-0.9529450401326822,0.9920071080352167,1526.144584695372,50.90458476257406,-0.051206885855990134,-0.05909412272803237,0.44946802744184877,0.5172406875044824,2575.5530510642666,81.27671815156403,3309.5145431024303,105.80856737801491,-10000.0,-358.9990690297094,6911.230201144827,235.02834100231374,0.538,0.5045,0.5004,0.0,-1.4187697908046142,0.014263418269778722,-2.259364648933376,0.023181868025036707
EURUSD,5,1,0.0,8.960514307167628,1.9841269841269842,-8.439504984640873,-10.794254151202527,-6.481186606344243,-1.4630134388911915,-3.6238743303346617,0.6942758205510016,114.3107332303291,114.36192936528289,-0.03719502256098558,-0.03720549064119887,0.22349425619280483,0.22349872735746468,198.5040469190826,191.59896329875366,251.85312945248555,244.98632929741734,-495.6156050536666,-488.8876964191546,518.7608774226345,525.9518555528864,0.5277,0.5045,0.0266,0.0016901574904271007,-1.1720070765109265,-0.20307998014030762,-1.8600213934891063,-0.3271689412126746
EURUSD,5,5,0.0,44.80442259068845,1.9841269841269842,-31.89090081696547,-43.17056018440599,-21.38983392526074,0.599094014817405,-1.664046444721804,2.831858441529015,582.7175413955274,116.59574236549108,-0.014402155277665581,-0.014401904042769214,0.06538317340902289,0.06537397887910101,980.8155654819589,189.27290939244082,1247.3372151821582,242.59972285981272,-2160.2801628501416,-425.3284336306717,2529.230527732327,513.0242762449977,0.5201,0.4981,0.3425,0.0,-0.8687783015295873,0.08156663749446968,-1.408429779071414,0.13436685981035865
EURUSD,5,10,0.0,89.60271285302805,1.9841269841269842,-86.389169211302,-108.42729389100744,-63.310496781783336,-1.6627083362248072,-3.855626803513773,0.6670934662245939,1143.5467525481874,114.40582030976415,-0.032148547136970976,-0.03213899384939152,0.11710897586250013,0.11709316391440705,1957.4171760936065,188.85851976472978,2482.6422948494246,241.39505482818006,-4767.643096062008,-469.99132615833884,4368.7573756329375,444.05663173465945,0.531,0.5074,0.427,0.0,-1.1992387221244896,-0.23071095938513322,-1.9196921955079627,-0.37524204807004224
EURUSD,5,30,0.0904,265.8184594507036,1.9841269841269842,-254.07655282769994,-315.089509336861,-186.3131670991253,-1.5450287518452681,-3.606973056452557,0.7230667762950147,3380.5366671317893,114.02603485664824,0.12884281902071607,0.016416963761714812,-0.1270376781565994,0.1475541851054163,5785.998319055864,187.5244348782666,6692.877884782058,238.02644251624847,-10000.0,-461.1286619940325,14398.891414660342,487.15117154737527,0.5342,0.506,0.4909,0.0,-1.1931064897899877,-0.21509623750222537,-1.9977141025042209,-0.3514615215980168
EURUSD,21,1,0.0,24.830534126874106,8.333333333333334,-27.35907785476254,-31.77461996727013,-22.623462687980894,-10.862382871129311,-15.844825817943267,-6.148570361860281,237.7900000765688,238.0861905403241,0.04335031494775193,0.04334821473902863,0.2610042744926302,0.2607631122720049,419.2580170147605,403.13647536069766,525.000424843083,509.1084990500614,-847.4726142808393,-832.1510695081533,1110.1747562411167,1127.9362518796345,0.5454,0.52,0.0317,8.636450209468445e-05,-1.8264514760195467,-0.724254447282824,-2.91189619550684,-1.175003765760463
EURUSD,21,5,0.0001,124.17894017363199,8.333333333333334,-118.7275508404531,-140.2201793948759,-97.30214673404492,-7.24283736750439,-11.939823518644804,-2.6829475845051713,1162.2849643641518,232.74576863308909,0.019598322704533738,0.01961394475228907,0.19125823972312972,0.19106881621869354,2029.6100804178077,390.115612584511,2525.7255672468154,489.238843837355,-5262.110253889234,-1036.984780170137,4562.337599618583,930.2252267949508,0.5383,0.5091,0.3581,0.0,-1.6215829143111908,-0.49400029672147633,-2.5816829563911052,-0.802692942224569
EURUSD,21,10,0.0254,247.1591527320295,8.333333333333334,-231.06690150846336,-278.64112344240095,-185.31425859509386,-6.689658311615753,-10.958176768360058,-2.364709177185451,2332.4496828186793,234.48213676556108,0.07406248265435215,0.024422513117201325,0.15638607243952007,0.3374950051743246,4171.642024712188,396.176513014313,5056.776382718965,495.84276299032007,-7203.821734664905,-1085.3320383191076,11814.927243831844,1199.4853804439224,0.5396,0.5113,0.4347,0.0,-1.5726269992779291,-0.4528917850887914,-2.5349667175710864,-0.7336091641373367
EURUSD,21,30,0.3936,620.8012450235708,8.333333333333334,-539.0884953181214,-672.2088258868295,-424.6188027723608,-4.207617422275712,-8.503247469810523,0.6778554946036262,6217.751322912106,238.70702345927967,0.8498651254374685,0.011230989553447777,0.16062268997760176,0.32684067853921395,7323.930865213607,398.61104540853853,8087.391099738024,507.50750012844236,-10000.0,-901.5073034771158,34253.28445959395,1159.7443827277511,0.5766,0.5049,0.543,0.0,-1.3763439731131744,-0.2798152098782265,-3.903490040192807,-0.4511605339548126
EURUSD,63,1,0.0,66.48846079115023,25.0,-66.41919523550955,-74.1247019092453,-57.797467116709086,-24.93072058847702,-33.074315001019336,-16.25168169757301,406.167516368149,407.5224049469639,0.08083757730287998,0.08074389798672758,0.6104199320397377,0.6091707283038255,725.9241314007863,687.2350409884631,923.6107624005829,884.9724639581656,-1718.4610180331847,-1680.1039845350235,2074.12899246978,2122.4292826768938,0.566,0.5218,0.0508,1.2279721742833194e-11,-2.595904386133988,-0.9711439550127166,-4.038191556937194,-1.5543160220348535
EURUSD,63,5,0.0151,331.6529976706227,25.0,-323.20433986837674,-360.29829742733426,-278.7212113292357,-23.53405540848341,-32.08363885227141,-15.95156393682863,2057.095864143469,415.03953539773596,0.12230516417584807,0.06225066004110024,0.33589582915398086,0.5408819722570577,3688.8859051955483,694.6691470713297,4589.053238146557,892.1338566945826,-6320.139638507941,-1731.6127201256743,9285.9370744814,1904.7587215046929,0.571,0.529,0.3786,0.0,-2.4941520349745385,-0.9001348446286068,-3.9660757673285665,-1.445471457778368
EURUSD,63,10,0.1872,621.0068331938415,25.0,-619.0159296020279,-694.9326342789827,-540.5268667442467,-24.69668924521016,-33.149210094300855,-16.23737470806068,3872.4345426400073,412.6526496156794,0.5310332528308914,0.0997457830212832,0.20664861108439592,0.6115940323241706,5882.148153859666,700.6305302330829,6216.795716708853,891.3710790578069,-7927.130395808039,-1664.9612909007533,20218.615947023874,2069.741134008904,0.5731,0.5208,0.4616,0.0,-2.53756987643938,-0.9500672976702021,-4.7569395903862715,-1.5202512397774584
EURUSD,63,30,0.6111,1219.7422888630267,25.0,-1342.5542451034307,-1510.6998743358902,-1171.5500923937434,-29.302737405293534,-36.76051102175058,-20.79482012212318,8465.002120756528,403.13512277171094,1.6799978140888618,0.016919717932382203,2.6275953054063264,0.49131387562723106,8079.942227055609,697.726810436288,8866.57433266523,890.519617930446,-10000.0,-1585.0649897332241,56063.08106276719,1916.4524437011726,0.694,0.5298,0.6714,0.0,-2.517706153042486,-1.1538725086735675,-12.741847215090493,-1.8044636486899297
USDJPY,1,1,0.0,2.8095130046696806,0.39682539682539686,-2.628027759615317,-3.744969160838413,-1.3904594556652583,-0.21530384746116268,-1.3458747216299434,0.8506517591461809,58.26431984154721,58.27250574116322,0.06508324910207988,0.06508324910208008,0.8340998587852093,0.834099858785212,96.32694257556572,93.9273829792899,123.33855481103225,120.94279023625177,-368.9341071276047,-366.5728477275674,336.42486063789227,338.88522009983956,0.5187,0.5023,0.0186,0.06288105634528753,-0.7160239312250478,-0.05865274843967101,-1.1649985677960342,-0.0965117199588304
USDJPY,1,5,0.0,14.04776918021799,0.39682539682539686,-16.569492396896983,-22.351925470575537,-10.90383813510543,-0.9012709292676815,-2.1408238527936208,0.27849183031649655,289.1661115565314,57.84134764347524,0.03573236150177689,0.035732361501776576,0.3890859652348553,0.3890859652348575,487.37155290725354,95.07491218570557,614.9461900039977,120.59342434843006,-1347.9647479940538,-267.2177331707757,1572.678272287097,316.99293857505717,0.5222,0.505,0.3472,0.0,-0.9096243539076239,-0.24735302753652458,-1.4791619149986195,-0.40726595707390745
USDJPY,1,10,0.0,28.09555473503454,0.39682539682539686,-33.41403940558285,-43.692021721856904,-21.56664808218705,-0.9287802548518337,-2.1196956354679317,0.17453709344325374,588.5718952476312,58.86545872015476,0.06116077926322399,0.06116077926322394,1.604119367501804,1.6041193675018013,965.8831752316728,94.18879464900658,1235.3668920058863,121.1409524628828,-4924.392397927951,-490.09533236083684,4002.657294183408,402.7350582623148,0.5232,0.5077,0.4268,0.0,-0.9012177368213251,-0.25046826750952905,-1.4630158456110662,-0.4108521216588211
USDJPY,1,30,0.0025,84.2852008559957,0.39682539682539686,-75.2881014845211,-106.55070995708967,-43.405043392367965,-0.10930475441991029,-1.3469927718614463,1.0721262728040661,1758.6526207602556,58.70503362263724,0.039994185982245196,0.01733127523110998,0.843664952549668,1.010808770719973,2937.7444833618497,95.52548101050918,3700.503084790333,121.20317831199837,-10000.0,-391.53122758641894,10430.954957669961,350.16044195115853,0.5163,0.4992,0.478,0.0,-0.6795893317150675,-0.029557247084231807,-1.1035737800130698,-0.048343794729213914
USDJPY,5,1,0.0,-1.9516243526914856,1.9841269841269842,0.012510693967419911,-2.7124995322572825,2.420228467981863,-3.923628543162861,-6.678863698373741,-1.2731608840811697,129.75028400850346,129.73733720020323,0.06019145842409832,0.06019177949879158,0.1377393938699778,0.1377376022599699,209.74350361015914,213.65855735607866,264.2482182900559,268.15811388748784,-506.1464211327958,-510.12363498908474,517.9853787340658,514.0168482356434,0.5018,0.5138,0.0148,0.22343759648123543,0.001530641041115246,-0.4800905700500531,0.002562423434877437,-0.7964737519882825
USDJPY,5,5,0.0,-9.763280580003908,1.9841269841269842,15.429377096370795,3.133785026571325,27.302158806941335,-0.8506809916551203,-3.4580722142651954,1.7770364553946854,652.4665920604749,130.48037479955957,0.037327404256077314,0.03734027171624794,0.23468407000060587,0.23470672721917119,1024.4020979623692,208.80881682373834,1327.269536572425,269.3632405863397,-2688.017728287073,-541.5256580443295,3055.3551890966796,607.0194314355781,0.4909,0.5044,0.3298,1e-323,0.375396642633154,-0.10349558019403503,0.6288141915452441,-0.1716678749496099
USDJPY,5,10,0.0001,-19.52781848882593,1.9841269841269842,26.045801952753134,-1.116782556566606,50.85880334315853,-1.3321982519878373,-3.7204422206962118,1.0730119729836218,1299.6109188833937,129.94812754675195,0.06527712812915412,0.06529649961911771,0.4032104910752152,0.40325776093287047,2050.449388938094,208.9135536819413,2659.6925708816843,269.8779484227739,-6110.012512331678,-614.9328831540424,7358.601659064251,731.9288926850143,0.4986,0.512,0.3962,0.0,0.31814467082239817,-0.16274179574584607,0.5307719682366073,-0.26915597217949694
USDJPY,5,30,0.1251,-52.560541500011226,1.9841269841269842,101.50276598343078,30.806882202468493,173.5465344920753,-0.21274389471340502,-2.566129138904083,2.322637883370949,3824.0437624551087,129.10976387489234,0.19186152161369321,0.03567290084003878,-0.1403456117084101,0.24012971455294085,5949.896773616516,210.68639626440174,6838.316748939417,267.53973879161435,-10000.0,-591.844919103498,19797.797622798727,656.0000351625872,0.4875,0.4979,0.4741,0.0,0.42136192919235227,-0.026157623783019158,0.7632094340308123,-0.0434026036088444
USDJPY,21,1,0.0,-20.996155560520968,8.333333333333334,18.581597747106,13.308896271662979,23.91911986860791,-10.748374154912616,-15.847934421173354,-5.283586604119966,266.1593041273512,265.8824925438026,0.15675067115841776,0.15684981702654985,0.40584521114515315,0.40635455147213895,409.56123749840566,438.3071586286836,522.7729726639142,551.5465536985628,-1018.7868757270178,-1047.0611294612484,1535.3618065580995,1504.669435141627,0.4859,0.529,0.0489,8.175494994388866e-11,1.108260034619511,-0.6417314221805237,1.9213625783867203,-1.0800756323554506
USDJPY,21,5,0.0002,-104.98499224792552,8.333333333333334,94.52844056168136,70.66154341094895,118.71259796730558,-10.440339194187635,-15.314759924895172,-5.3675904460595705,1344.1029664277296,268.60062104960673,0.14731042519268106,0.1444399513234152,0.2567510674768192,0.2705580373375893,2054.86002891069,439.4756871735279,2600.531923444147,549.1772254576654,-5178.202125468678,-1213.6706690354813,6183.569683864396,1206.1516278772135,0.4747,0.5227,0.3391,0.0,1.116426725314011,-0.6170322541260128,1.9524770805704537,-1.0387448184901706
USDJPY,21,10,0.0467,-207.16401653303834,8.333333333333334,142.104308922382,89.68197262808775,198.63339266742554,-14.482513045697852,-19.531921449997974,-9.371296323673779,2682.0807294434676,268.46431731987497,0.16055896599641972,0.10436918378774893,0.045153083809620576,0.26003921624552273,4567.432449542984,448.9567458086394,5192.777010661797,561.1821149744362,-9243.058802900512,-1302.0507515182053,11627.13343903578,1131.9094030305969,0.4881,0.5294,0.4133,0.0,0.8410768345157177,-0.8563624751480915,1.4707769375415418,-1.422775525161345
USDJPY,21,30,0.4401,-454.0505430685072,8.333333333333334,443.90841588880306,289.6243021173156,576.1203546071837,-9.05981403275175,-14.30845351731798,-4.1852756370087585,7125.665828970981,265.7120728935143,0.9718987203733378,0.18669161564137063,0.5105888099438527,0.3976941033127157,6963.774566496211,430.75857241854516,7857.1335680508555,541.823698268049,-10000.0,-987.0462970401682,45029.45465414081,1469.97083336507,0.5448,0.5251,0.5156,0.0,0.9889360249440818,-0.541262907495222,3.723021441767011,-0.9148089126589783
USDJPY,63,1,0.0,-71.05548188567145,25.0,83.56475868829004,73.48966226422958,93.00133609154986,-12.48822084154971,-21.302651447876265,-3.674153034008027,463.5443686370293,461.8940633703705,0.2663090870951345,0.2668485447220341,0.990180905722255,0.9931697234268975,649.1926887768561,742.2449788865468,861.9247281540514,954.6287672606218,-1917.469474604835,-2005.7133789323905,2856.088082297376,2755.288335624579,0.4365,0.5242,0.0915,7.793436830357318e-37,2.861752852376402,-0.42919876159439446,5.064317231204587,-0.721333964286228
USDJPY,63,5,0.0243,-353.17052925284565,25.0,370.85022504678966,325.3659348574255,418.34619347289504,-21.224029189760916,-30.81345429813325,-11.790176622952373,2352.3468579416804,469.19952415221053,0.31764547910458646,0.28527295492712496,0.7386961166779811,0.8841048553243591,3379.016492848477,755.9007456508515,4401.501701396567,971.2319648805121,-5825.290015923857,-1917.851328372287,14186.877791612767,2736.130034318808,0.4462,0.5358,0.3637,0.0,2.5026346751890474,-0.7180762148855031,4.512752622471299,-1.2099816046990748
USDJPY,63,10,0.2249,-641.4145958365992,25.0,596.8650277884416,506.2381106437841,684.955168964101,-28.74486943079686,-38.35578772169202,-20.445655662937856,4457.290143968074,459.7074812127721,0.6075618506553868,0.22506108466384056,0.27404059873166897,0.7126560706304894,5200.695233746197,759.4063496508636,5528.652169597033,967.5121732884342,-8049.789295066322,-1769.0460569390248,24749.815198239172,2370.0521226703604,0.4624,0.5405,0.4283,0.0,2.1257172570696135,-0.9926108983339944,5.066752110072989,-1.638846588917273
USDJPY,63,30,0.6553,-1106.9152992235977,25.0,930.461604863908,717.2065176792303,1149.350242188674,-34.225288359937885,-43.67442232238427,-25.54326701772213,10814.385499763335,461.81609067332437,1.7895117834322878,0.2778793113303491,3.1432778098572864,0.6543295674872871,7181.68811833134,763.8279406876725,8052.143990733774,963.674732533655,-10000.0,-1718.2719109378825,65202.75867460047,2071.369825544375,0.6719,0.5527,0.66,0.0,1.3658307322322594,-1.176463142518648,11.36542220334785,-1.9874520094730566
AUDUSD,1,1,0.0,4.674581892169894,0.39682539682539686,-5.305417251223638,-6.839126797486,-3.9657592410815456,-1.027786948189418,-2.548320337610794,0.317394008078043,72.37449014994823,72.39141020574633,-0.10964048528672105,-0.10964048528672128,1.3592697918267405,1.3592697918267422,119.80639350429118,115.55553178923725,157.50637570343193,153.26432767122543,-521.3797231627135,-517.2227431887376,505.9881961939641,510.3853591728171,0.5286,0.5044,0.0267,0.001602414825486658,-1.1636819508438094,-0.22538049676932875,-1.8206397759976711,-0.3576676245930948
AUDUSD,1,5,0.0,23.373176199654836,0.39682539682539686,-18.620913545987626,-25.81087060857717,-11.43061072059625,0.5538172624399016,-0.7105179941354278,2.03169917163509,355.7291654019746,71.16246589484416,0.004507341227174073,0.0045073412271741725,0.9292271142361068,0.9292271142361055,594.1392418039115,114.57675787674717,763.7680333559363,148.51044751381696,-1983.437348068684,-392.5013384860419,2940.776426106847,592.571657616804,0.5221,0.4976,0.3426,0.0,-0.8309631801797214,0.12354232499664401,-1.326445984488827,0.20023469845517347
AUDUSD,1,10,0.0003,46.746522159098646,0.39682539682539686,-32.21012497796798,-46.704725034078685,-19.32757018623194,1.0571051073885063,-0.22899434836286628,2.5984592448353014,718.5186207129185,71.86865994458842,-0.05486664871334101,-0.054866648713341036,1.5822476005053936,1.5822476005054007,1205.3773664762557,116.28704590948317,1526.1379104563362,148.3705992014951,-5978.871336561059,-593.7480399518889,4743.094096839837,478.699166644029,0.5229,0.5001,0.4215,0.0,-0.7116306628668078,0.2334957039101002,-1.132333788899656,0.376200784632906
AUDUSD,1,30,0.0092,140.2379659054622,0.39682539682539686,-142.9365450992065,-180.43613372129374,-99.66078470073234,-0.5246364694608534,-1.85152116585225,0.8856004436417002,2109.542469970545,70.54431674667879,-0.03135296404584094,-0.07935172638809693,0.4940005874788129,0.8292148268747659,3583.105160652808,115.18589057707385,4567.404382825748,148.76036943036627,-10000.0,-478.1706085764457,10437.040879355985,352.2615673250864,0.5282,0.5055,0.4889,0.0,-1.0756111061387135,-0.11805835176427876,-1.7072947513248484,-0.18813083781846165
AUDUSD,5,1,0.0,7.372652037395454,1.9841269841269842,-9.071244857726537,-12.21009871329934,-5.564837777550428,-3.683059590979437,-6.77280292546765,-0.7653618050437844,161.1668031771412,161.2264690367323,-0.13490194447980264,-0.13490426596136276,0.38593986485402576,0.3859772322843438,274.5983169162948,269.29868681427473,355.9576164469606,350.69700033249217,-911.0785827359471,-906.100432870417,575.4600180263091,581.0581338804077,0.5203,0.5054,0.0162,0.1449137168873294,-0.8934938524134707,-0.362637467648421,-1.3793811607950592,-0.5644462560919498
AUDUSD,5,5,0.0,36.86743218979695,1.9841269841269842,-25.45696368051486,-41.27039701601999,-11.808200735416149,0.29842322777181124,-2.6967305697593336,3.1058830458769053,796.8839560808423,159.43556789677947,0.027804196840509585,0.02780411492633678,0.39155127583008564,0.3915569384843005,1340.01380357355,262.71836975656277,1694.9749179354474,333.7284421497964,-3445.4253814833974,-683.9357792612489,4398.617131656141,885.3943925777296,0.5085,0.496,0.3302,1e-323,-0.507121227773443,0.029713080583395165,-0.8218821896855998,0.048572682003469175
AUDUSD,5,10,0.0026,73.71592416451871,1.9841269841269842,-93.26243179142729,-124.98475080588912,-62.65708480957423,-3.973204407941045,-7.111784983254696,-0.7884580096105434,1572.2024451401728,157.42949668419553,-0.10218450406930656,-0.11346574968170892,0.1734133512831213,0.23019912106625684,2693.112602489833,264.04700433775315,3444.664627172587,339.90612967147274,-6584.305157532212,-795.7400417903804,5722.8068275033565,577.8521150564742,0.518,0.5037,0.4142,0.0,-0.9416695742255049,-0.40064070556707626,-1.476515793391787,-0.6321738117308248
AUDUSD,5,30,0.1997,214.9261450892671,1.9841269841269842,-214.50049754736057,-299.4606272085837,-129.42758796781854,-2.394273112148281,-5.600469726936029,0.6577346040228967,4581.804883363736,159.96266690686465,0.2761523307550884,-0.10382556426737351,-0.25676638061882295,0.49833351088817945,6982.826788829084,265.96756125989555,8039.264883876916,346.14623271663316,-10000.0,-828.1720822272587,21800.438878736295,732.3315901973792,0.5169,0.4996,0.4761,0.0,-0.7431765259195777,-0.23760486173444137,-1.3902309471628584,-0.37331324348744804
AUDUSD,21,1,0.0,18.160737952383094,8.333333333333334,-26.006252073113156,-32.356764347542914,-19.582017718499102,-16.180416870770884,-22.41412002021492,-10.221802301503057,324.2925471565399,324.58698208453,-0.030777163285171827,-0.0307729254628694,0.16235165285629005,0.16226111120379283,556.9771839783771,547.6848917159704,710.6237013891026,701.413989446567,-1249.8386082656457,-1240.8189842659808,1251.312468384011,1262.2368712957912,0.5313,0.5164,0.0155,0.1808532467067878,-1.2730371287583462,-0.7913322747786318,-2.0058116382729207,-1.2589108325325031
AUDUSD,21,5,0.0035,90.80425507000211,8.333333333333334,-95.08679943017175,-127.93492896268904,-65.02437156543775,-9.132744980262267,-15.697649877258613,-3.03475976702582,1635.1797740481948,327.2792006270022,-0.07618385140875976,-0.07826724863361735,0.2503834046105835,0.2733384433403856,2835.064004431529,557.5745438833042,3601.6031787518214,710.0890565457397,-5653.00193231156,-1496.3368942903319,7565.691892676722,1524.4897964595687,0.5126,0.5009,0.3318,1e-323,-0.9231132683392567,-0.44297905810432153,-1.4451021094208079,-0.6988907613889681
AUDUSD,21,10,0.1038,177.39219626027014,8.333333333333334,-213.5418899735436,-278.3735629856943,-150.09523629136118,-11.797911391255402,-17.914584485406692,-6.124966655312412,3218.680256139999,328.3534396746619,0.15161657329641887,-0.030493863918066647,-0.22077372237953385,0.2002190590427979,5504.185012337934,562.9944879760428,5944.051905506446,703.5783851915584,-9194.877061968966,-1430.117303008754,14719.571466907535,1483.3240755974555,0.521,0.5073,0.4164,0.0,-1.0531870650157664,-0.5703793978007152,-1.7991725835630208,-0.9123481747802106
AUDUSD,21,30,0.5175,415.09885831895457,8.333333333333334,-506.29869511480916,-658.9638256691125,-349.5954280138957,-10.654317658659286,-16.686921892183925,-4.159474748283146,7860.864564526462,322.9833570553813,1.093541350930194,-0.02503742047814741,0.5235220730813683,0.18432396434123666,8300.65052500623,541.0141481930508,9277.468068395581,687.9839989370686,-10000.0,-1366.3808778338203,36613.21887604544,1231.5590062614792,0.6085,0.5098,0.5833,0.0,-1.0224374879337397,-0.5236556181264096,-4.089285291005543,-0.8467253809372072
AUDUSD,63,1,0.0,46.50608075599388,25.0,-46.07530242574294,-57.381133956855685,-35.31144815458964,-24.569135496848435,-34.875999319129996,-14.182004821375426,560.9843074271131,562.3028374643663,-0.02411605107756171,-0.024151779038846567,0.5398912824969284,0.5391620098113039,970.6756843356075,950.7650374417668,1252.0950009460596,1233.3627906110146,-2891.4448696122317,-2877.2257274884223,2489.387830192388,2518.228268405524,0.5337,0.5162,0.0196,0.042915742476880514,-1.3038203406405853,-0.6936172267488834,-2.020687342152116,-1.084938942858514
AUDUSD,63,5,0.0699,228.64831320893066,25.0,-233.55570802241814,-291.5067133895501,-175.592163026846,-25.125814900164382,-36.462433164142475,-13.680955833013487,2772.867168994445,564.2075006282263,0.1045534250365513,-0.057216023976493495,-0.09820001411973944,0.3496744338325213,5254.584506178252,965.5622437658639,5492.30842917332,1235.5821257691032,-6663.306770655531,-2298.075612973052,10999.362647296964,2225.71886002683,0.5299,0.5129,0.3444,0.0,-1.3370932317634638,-0.7069383973767445,-2.195377602569566,-1.1091975252098285
AUDUSD,63,10,0.3136,402.16778695384215,25.0,-357.87543670752973,-462.14039421974763,-257.86281767034035,-20.47700671675203,-31.96412479774456,-9.043799245739326,5028.232124027827,565.1636748607673,0.6979384485165071,-0.04953582758180559,0.07258681017450996,0.5572830289056969,6129.964709681787,961.7207795031003,6629.757842833069,1246.5377529974182,-9727.606269263013,-2715.0257567449203,26240.311554747157,2649.788856239625,0.5504,0.5111,0.4503,0.0,-1.1298397319513085,-0.5751650692787934,-2.7569111115832614,-0.8956168050303461
AUDUSD,63,30,0.6994,736.3078389314652,25.0,-993.8709170727991,-1186.170307329829,-800.7898723026234,-36.15909095180208,-46.82262139313159,-25.040148903699524,10758.67538734774,562.0208719121309,2.043456937825163,-0.010138424739153886,4.289851152262689,0.5005550645867549,8812.401899019666,966.0035773169744,9588.592706101,1239.3609323155913,-10000.0,-2305.478726853317,80048.22056694905,2695.8335807429453,0.7354,0.5168,0.7191,0.0,-1.4664641438852257,-1.021328214738523,-10.453091120631495,-1.5953880295041545
SPX,1,1,0.0,6.182726542759813,0.39682539682539686,-4.470749898473846,-6.870553159912115,-2.303085933875557,1.315493711282189,-0.9487346156567819,3.477059711164051,119.66182043550714,119.69882257153222,0.26361446170185865,0.26361446170185887,4.392996154362767,4.39299615436278,195.10234586442317,189.3750498472994,252.59382824128235,246.88430988827398,-691.6524828132625,-686.0787313071924,1490.2101828230761,1496.458615516915,0.521,0.5007,0.0244,0.005191430598013493,-0.5930960616650893,0.17446132567806044,-0.9507458925653544,0.2826954146281503
SPX,1,5,0.0,30.91380630415238,0.39682539682539686,-20.76352235251224,-32.698488567643984,-9.289783075979692,1.6336374860792076,-0.8348256168515741,3.9311547644549334,597.6043498687973,119.5578285247201,-0.33639334919093034,-0.33639334919093,2.6528887374036376,2.652888737403635,958.6052781752026,185.9927140466507,1305.2121890551978,255.33553195882206,-4642.239755043312,-922.9474220065823,3724.927423268337,751.0034770487497,0.513,0.4951,0.3398,0.0,-0.5515533797423571,0.21690918481534596,-0.8291811520392384,0.32834740748421865
SPX,1,10,0.0016,61.827680492178835,0.39682539682539686,-40.51661965263002,-66.36817953294768,-17.408516945817002,1.695843799780187,-0.6846469921094399,4.341224769235635,1203.4997783497095,120.73320314353514,-0.20262052259318458,-0.27640859321483713,3.7400808434430894,4.573484559997906,1916.8259262055576,185.95423913853415,2606.1465813294453,255.684968724833,-10000.0,-1179.3999265653551,8689.630439907954,875.0193730457902,0.5131,0.4938,0.4125,0.0,-0.5344258544667664,0.22297665463054214,-0.8084366828024646,0.3365608434269696
SPX,1,30,0.071,185.48592172786698,0.39682539682539686,-62.72832981356656,-137.98652841986438,3.2682676296591757,2.575629660725721,0.2834205064579001,5.175803272661085,3531.8456563077707,122.5144108327613,0.13274932049879656,-0.3718038768004941,1.089004621757379,3.881833921636833,5827.2246500555275,188.51325924866495,7401.704070925972,263.4202456605538,-10000.0,-994.5539143169633,31591.209205926913,1059.1535567641133,0.5113,0.4894,0.4667,0.0,-0.281943624374519,0.3337309711745198,-0.46314479324651375,0.4926807445725943
SPX,5,1,0.0,14.917606613662006,1.9841269841269842,-4.641031109626037,-9.94268270309434,0.740248028496989,8.294504246155048,3.4172233670680283,13.034951070562375,270.5800151158173,270.77977084774244,-0.21476541735285481,-0.21473029113411682,0.4921208766415859,0.49203354305746094,457.1557014849749,444.37078735817204,604.4400714304697,591.9425010712082,-1352.3755794533656,-1340.486048432813,1225.6284314088284,1239.2394103384086,0.4902,0.4709,0.0232,0.009191586965088977,-0.2722820635011528,0.48626665312236705,-0.41428682209375056,0.7479764085647913
SPX,5,5,0.0023,74.57780038406912,1.9841269841269842,-30.09036310195377,-54.05701530911924,0.38755971221708163,6.957942034495552,1.6846107019927543,12.06875249223476,1358.864931791247,271.82102265334663,-0.2896072401652873,-0.28390130607270486,0.6766130354331303,0.6508218503506473,2310.1282454449542,449.37333919781196,3101.808635386983,607.0711859880521,-6613.852622252235,-1310.6378669936869,5846.252628477838,1183.2307786933338,0.4945,0.4735,0.3288,1e-323,-0.35152110749871324,0.40634791408805077,-0.5228525717895742,0.6114722604726772
SPX,5,10,0.0413,148.25840680820164,1.9841269841269842,-17.02242062082931,-70.73142646815118,32.90707229769964,11.10697349662147,6.048367242904392,16.405120244346715,2670.85841991935,268.92113348608234,-0.16763670173217485,-0.2417292257083967,0.10631272064824637,0.4152427584706526,4710.427839838773,444.166794335719,5865.079946264829,586.9769741194024,-10000.0,-1330.0997329447107,10148.122539804914,1028.5012023515194,0.4873,0.4673,0.4088,0.0,-0.10117441944319612,0.6556485013216731,-0.15643328496404954,1.0029672596032608
SPX,5,30,0.3617,395.2796727207242,1.9841269841269842,-42.403319954991346,-179.18739185206664,98.83914440852061,8.784528042911647,3.4617451581253027,14.008029119279797,7084.7616290043015,269.9735179267351,0.5857479634074365,-0.27745695471685866,-0.2934528026119936,0.7344295496089663,9509.071256858248,446.9896855246063,9950.905231539795,600.6683410353035,-10000.0,-1635.4727882110965,35898.40061692303,1210.5439977170663,0.5327,0.4757,0.4954,0.0,-0.09501121864576559,0.5165323643245135,-0.24675306305681646,0.7783440161269125
SPX,21,1,0.0,49.935905372149776,8.333333333333334,-2.1294093402607426,-14.286650803583537,8.497628358701476,39.48272591040446,28.918569788843733,51.22393305743435,554.0948931468046,555.4986238406192,-0.31876615961181376,-0.3186151802264045,0.2752762139700953,0.2753204741224162,957.1640666645227,918.0895267304157,1251.189770368191,1212.6784498509342,-2493.600268924185,-2459.142263136228,2215.623723771456,2262.6319015591703,0.4802,0.4487,0.0348,1.0983762625225961e-05,-0.061006383095778244,1.1282995423422835,-0.09053771236478234,1.7033268882398451
SPX,21,5,0.0609,246.06867097458885,8.333333333333334,-33.02296374079711,-82.35985107892141,21.16895054267496,35.33033254551605,25.739690765348172,46.16501325844116,2686.6707427172096,544.1375665554594,-0.21966095553547443,-0.345939148793962,-0.2281768513861313,0.2597905092377939,5274.581545664983,913.2701153333218,5723.127042316157,1202.1151628595176,-8648.015933633817,-2509.107284654719,9135.409898311127,1873.4449847824633,0.4826,0.453,0.345,0.0,-0.19512003809760936,1.030716635622546,-0.2998235487300454,1.5471369699089625
SPX,21,10,0.2781,444.0126481813298,8.333333333333334,-31.10049558833555,-126.25694415989356,67.31856750395116,35.09731884966332,24.79564190558565,46.977014877043686,5051.531151657611,554.8327179095587,0.25919507942820796,-0.3660033975080513,-0.7127533828945278,0.39192974365014877,6741.762029939935,927.5684955991119,7706.858452930577,1223.1737088952182,-10000.0,-3295.4632587354395,23261.128564333107,2374.978594785041,0.4914,0.4462,0.4224,0.0,-0.0977337458769465,1.0041813436440346,-0.21205470912376284,1.504832780554896
SPX,21,30,0.6096,926.3606684295388,8.333333333333334,213.75722533424943,-7.28683043910237,436.37051228910394,42.14053786701334,32.826080007824686,52.32954546940609,11594.210834000678,548.0448624772039,1.3069162003364698,-0.346568610970746,0.9449946608046238,0.3575220355106241,10000.0,910.7846659009733,10000.0,1207.745647091302,-10000.0,-2314.361722089774,64614.46988726938,2198.658375984034,0.6499,0.4429,0.6327,0.0,0.29267112731076966,1.2206305462657834,1.7566760775244061,1.832280892968198
SPX,63,1,0.0,142.27777691493247,25.0,-29.083520314589485,-46.042743610689584,-9.44102164929871,88.21689998033908,72.26816885386218,108.63469889168219,923.0463502108727,929.653006312735,-0.37180683701240047,-0.37165636625197707,0.26240867365257703,0.261713511985187,1662.7559026185695,1553.7769697969115,2139.6742326998424,2037.1969298969861,-4046.022521462136,-3958.762832341756,3919.9270439408433,4063.766729798212,0.4799,0.4256,0.0569,1.711494555791756e-14,-0.5001770191829685,1.5063683580614613,-0.7224351636205268,2.2461675978967133
SPX,63,5,0.232,644.9407317548853,25.0,-93.0498209662425,-179.50628948495043,-7.613530602763364,96.13467955503148,77.47217992423249,113.96991397243275,4334.802660232274,947.2603454624474,0.15944979369331316,-0.4413064499569689,-0.7803146214875651,0.4687512630662676,6106.625988756212,1557.5252752934205,6582.2844786214455,2088.616540610457,-9381.835751192486,-4462.142666779221,18398.027923913767,3818.4018650339995,0.4861,0.4259,0.3406,0.0,-0.34075832988794463,1.611057334067926,-0.6729665607217725,2.3643355972414746
SPX,63,10,0.4824,1025.0879749070282,25.0,-159.1031343687131,-306.4941061153817,-4.4905577258501745,110.69692288511,89.24133182149852,128.40994908948812,7383.048206461748,939.1186563172652,0.804969266779353,-0.4510467397560888,-0.3977455917941377,0.42541013572254105,7577.678847486493,1563.897277122623,8479.166277437858,2079.915618503026,-10000.0,-4181.571956133933,29427.866290340193,3076.551526036255,0.5766,0.4226,0.5133,0.0,-0.3420923021865869,1.8711790691238426,-1.3614423250285697,2.7444488979194768
SPX,63,30,0.7453,1817.861258670397,25.0,283.5465950569266,13.262396765358332,591.6887439040801,106.01688252413038,86.5543115800969,123.45221313020141,16157.302174061519,951.7502360696195,1.9577124830863706,-0.4172150316138249,3.1046868616273953,0.4184080408527939,10000.0,1608.3717877158165,10000.0,2087.806031664089,-10000.0,-4584.117198595306,88981.34147517206,3713.480038969023,0.7584,0.4205,0.7497,0.0,0.27858380101008606,1.7682851779992463,2.681962001609397,2.6184567657227378
